{
    "meshes": [
        {
            "id": "c736a71f-38c0-41d5-b70a-a47322c76e19",
            "indices": [
                0,
                1,
                2,
                0,
                2,
                3
            ],
            "material": {
                "color": {
                    "ambient": [
                        0.5,
                        0.5,
                        0.5
                    ],
                    "diffuse": [
                        0.699999988079071,
                        0.699999988079071,
                        0.699999988079071
                    ],
                    "shinyness": 0.0,
                    "specular": [
                        1,
                        1,
                        1
                    ]
                },
                "diffuse": "./data/Bodemonderzoek/textures/mixmap.png"
            },
            "vertices": [
                {
                    "bitan": [
                        1,
                        0.0,
                        0.0
                    ],
                    "normal": [
                        0.0,
                        1,
                        0.0
                    ],
                    "pos": [
                        -0.5,
                        0.0,
                        -0.5
                    ],
                    "tan": [
                        0.0,
                        0.0,
                        1
                    ],
                    "tex": [
                        0.0,
                        0.0
                    ]
                },
                {
                    "bitan": [
                        1,
                        0.0,
                        0.0
                    ],
                    "normal": [
                        0.0,
                        1,
                        0.0
                    ],
                    "pos": [
                        -0.5,
                        0.0,
                        0.5
                    ],
                    "tan": [
                        0.0,
                        0.0,
                        1
                    ],
                    "tex": [
                        0.0,
                        1
                    ]
                },
                {
                    "bitan": [
                        1,
                        0.0,
                        0.0
                    ],
                    "normal": [
                        0.0,
                        1,
                        0.0
                    ],
                    "pos": [
                        0.5,
                        0.0,
                        0.5
                    ],
                    "tan": [
                        0.0,
                        0.0,
                        1
                    ],
                    "tex": [
                        1,
                        1
                    ]
                },
                {
                    "bitan": [
                        1,
                        0.0,
                        0.0
                    ],
                    "normal": [
                        0.0,
                        1,
                        0.0
                    ],
                    "pos": [
                        0.5,
                        0.0,
                        -0.5
                    ],
                    "tan": [
                        0.0,
                        0.0,
                        1
                    ],
                    "tex": [
                        1,
                        0.0
                    ]
                }
            ]
        }
    ],
    "scene": {
        "children": [
            {
                "components": [
                    {
                        "position": [
                            1,
                            20,
                            1
                        ],
                        "rotation": [
                            0.420735508203506,
                            -0.229848861694336,
                            -0.420735508203506,
                            0.770151138305664
                        ],
                        "scale": [
                            1,
                            1,
                            1
                        ],
                        "type": "transform"
                    },
                    {
                        "baking": "realtime",
                        "color": [
                            0.866025388240814,
                            0.866025388240814,
                            0.747120082378387,
                            0.866025388240814
                        ],
                        "cutoff": 0.0,
                        "directionalAmbient": 0.5,
                        "intensity": 10,
                        "lighttype": "directional",
                        "range": 1000,
                        "shadow": "none",
                        "spotlightAngle": 45,
                        "type": "light"
                    }
                ],
                "name": "Sunlight",
                "uuid": "6fa3c2f3-af6e-4937-95b4-b8ea4880098c"
            },
            {
                "components": [
                    {
                        "position": [
                            0.0,
                            0.0,
                            0.0
                        ],
                        "rotation": [
                            0.0,
                            0.0,
                            0.0,
                            1
                        ],
                        "scale": [
                            1,
                            1,
                            1
                        ],
                        "type": "transform"
                    },
                    {
                        "type": "camera",
                        "useFbo": false
                    },
                    {
                        "light": "",
                        "timeOfDay": 14,
                        "type": "dynamicskybox"
                    }
                ],
                "name": "Camera",
                "uuid": "9bb70865-7ba5-4503-a989-5757c0c66f0b"
            },
            {
                "components": [
                    {
                        "position": [
                            -1.31327378749847,
                            0.0,
                            0.652087211608887
                        ],
                        "rotation": [
                            -0.499999970197678,
                            0.499999970197678,
                            0.499999970197678,
                            0.499999970197678
                        ],
                        "scale": [
                            1,
                            1,
                            1
                        ],
                        "type": "transform"
                    },
                    {
                        "castShadow": true,
                        "cullBackFaces": true,
                        "file": "./data/models/Characters/Bodies/paul/paul.dae",
                        "materialoverrides": [
                            null
                        ],
                        "type": "modelrenderer"
                    }
                ],
                "name": "paul.dae",
                "uuid": "601363c7-867a-4273-9b35-9e9422d6fa46"
            },
            {
                "components": [
                    {
                        "position": [
                            25,
                            0.0,
                            10
                        ],